"valår","region","Moderaterna","Centerpartiet","Folkpartiet","Kristdemokraterna","Miljöpartiet","Socialdemokraterna","Vänsterpartiet","Sverigedemokraterna","övriga partier"
"2002","Upplands Väsby",18.7,2.4,16.4,8.3,4.5,38.8,8.3,1.1,1.5
"2002","Vallentuna",22.3,4.5,19.2,11.2,5.7,29.7,5.5,1.2,0.8
"2002","Österåker",24.0,2.6,19.7,9.8,4.9,31.7,5.6,0.8,0.9
"2002","Värmdö",24.2,2.5,18.1,8.7,5.6,32.4,7.0,0.8,0.7
"2002","Järfälla",18.6,2.0,18.3,9.3,4.7,37.2,7.8,1.3,0.9
"2002","Ekerö",26.1,3.8,20.4,10.5,6.4,25.8,5.2,0.8,1.0
"2002","Huddinge",19.5,1.9,17.0,8.1,4.7,37.3,8.3,1.7,1.5
"2002","Botkyrka",13.8,1.6,14.3,9.6,4.7,43.1,10.3,1.2,1.4
"2002","Salem",19.8,2.2,18.5,9.5,5.0,36.2,6.0,1.6,1.1
"2002","Haninge",16.1,2.0,14.7,8.1,5.0,42.0,9.0,0.9,2.3
"2002","Tyresö",21.8,2.0,18.4,7.8,4.9,35.2,7.2,1.0,1.6
"2002","Upplands-Bro",18.0,2.8,15.5,10.9,3.8,39.4,7.9,0.8,0.9
"2002","Nykvarn",17.6,4.8,14.0,8.2,4.2,42.9,5.2,1.9,1.2
"2002","Täby",35.1,2.0,25.3,9.6,3.6,19.5,3.4,0.9,0.6
"2002","Danderyd",45.1,1.9,24.7,10.7,3.2,11.2,2.1,0.5,0.7
"2002","Sollentuna",24.5,2.5,21.5,9.9,4.7,29.2,5.9,1.0,0.6
"2002","Stockholm",21.0,1.8,19.5,6.6,6.8,31.4,10.9,1.0,1.0
"2002","Södertälje",14.5,3.4,12.9,9.7,6.0,42.3,7.5,0.7,3.1
"2002","Nacka",27.4,1.7,22.0,7.9,5.4,26.9,6.9,0.9,0.9
"2002","Sundbyberg",19.2,2.0,17.2,6.4,5.6,37.3,9.7,1.5,1.1
"2002","Solna",21.8,1.8,19.4,6.9,5.5,33.3,9.3,0.9,1.1
"2002","Lidingö",36.4,1.8,26.5,9.3,4.1,17.0,3.5,0.8,0.5
"2002","Vaxholm",26.3,3.6,23.1,9.7,4.9,25.7,5.7,0.6,0.5
"2002","Norrtälje",17.3,8.6,13.1,8.3,4.6,39.3,6.2,0.5,2.0
"2002","Sigtuna",20.1,3.7,15.4,9.3,4.2,38.1,6.8,1.7,0.6
"2002","Nynäshamn",15.8,3.6,13.2,8.7,4.9,42.8,8.8,1.8,0.5
"2002","Håbo",23.3,4.0,13.9,10.9,3.8,36.6,5.0,1.0,1.4
"2002","Älvkarleby",6.8,3.2,8.2,4.8,3.5,61.2,10.0,2.3,0.1
"2002","Knivsta",20.1,6.8,17.9,10.5,5.0,31.8,5.5,1.6,0.8
"2002","Heby",9.6,16.9,8.4,10.5,3.5,40.5,8.4,1.4,0.8
"2002","Tierp",8.2,12.5,8.1,7.7,3.7,50.7,7.3,1.5,0.4
"2002","Uppsala",15.1,5.1,18.6,8.9,6.9,33.7,9.4,1.5,0.9
"2002","Enköping",16.3,11.4,10.8,9.6,3.5,40.0,5.4,0.8,2.1
"2002","Östhammar",12.9,12.2,8.7,7.9,3.9,46.0,6.5,1.2,0.6
"2002","Vingåker",11.1,7.5,8.6,8.2,5.0,53.0,5.0,0.7,0.9
"2002","Gnesta",14.5,10.4,11.4,8.5,6.5,40.3,6.6,0.6,1.2
"2002","Nyköping",13.0,6.0,11.3,9.3,4.3,47.4,7.4,0.8,0.6
"2002","Oxelösund",9.8,1.9,8.8,5.9,4.7,56.2,11.7,0.5,0.5
"2002","Flen",12.1,7.5,9.3,8.7,4.5,48.1,7.5,1.0,1.2
"2002","Katrineholm",10.9,6.0,9.8,7.8,5.0,52.7,5.6,1.2,1.0
"2002","Eskilstuna",12.2,4.4,12.6,7.6,5.0,47.8,7.8,1.3,1.3
"2002","Strängnäs",18.4,5.4,16.3,9.5,4.5,38.5,5.9,0.5,1.1
"2002","Trosa",19.0,5.1,13.4,9.3,5.3,41.0,5.5,0.6,0.7
"2002","Ödeshög",12.2,14.0,5.9,18.4,4.6,38.1,5.5,0.3,1.1
"2002","Ydre",10.4,16.9,8.3,21.4,4.8,33.0,4.3,0.0,0.8
"2002","Kinda",11.1,16.3,8.1,14.4,4.2,38.5,5.8,1.0,0.5
"2002","Boxholm",7.4,11.4,5.9,9.8,3.2,53.4,7.5,0.6,0.8
"2002","Åtvidaberg",11.0,9.7,7.7,10.1,3.7,49.0,6.7,0.7,1.4
"2002","Finspång",9.7,5.7,8.3,9.6,4.0,51.6,9.5,0.9,0.6
"2002","Valdemarsvik",13.9,15.5,7.7,9.1,3.4,43.4,5.8,0.4,0.8
"2002","Linköping",16.0,5.1,15.1,10.7,5.4,38.2,7.0,0.7,1.9
"2002","Norrköping",16.7,3.8,11.6,9.1,5.1,42.3,7.8,1.4,2.2
"2002","Söderköping",19.0,10.4,10.3,11.5,5.4,35.3,5.8,1.3,1.1
"2002","Motala",10.8,5.1,10.2,9.0,4.1,49.4,7.6,0.4,3.4
"2002","Vadstena",16.7,6.8,10.2,12.0,4.8,40.7,5.3,0.6,2.8
"2002","Mjölby",12.7,8.0,9.9,10.1,3.4,46.4,7.2,0.3,2.1
"2002","Aneby",9.2,11.6,7.4,28.3,2.9,34.4,4.3,0.6,1.4
"2002","Gnosjö",12.9,6.6,7.5,30.6,1.9,34.4,3.6,1.5,0.9
"2002","Mullsjö",12.0,5.3,8.0,25.6,4.3,35.3,7.0,0.8,1.6
"2002","Habo",14.9,6.1,9.4,23.7,2.9,36.0,5.1,0.4,1.6
"2002","Gislaved",14.1,10.6,8.9,14.7,2.7,41.4,4.7,1.5,1.3
"2002","Vaggeryd",10.7,7.4,6.6,24.8,2.6,40.5,5.0,1.0,1.3
"2002","Jönköping",13.2,4.1,10.7,19.9,3.6,39.7,6.5,1.0,1.3
"2002","Nässjö",11.5,7.4,7.1,17.7,3.3,43.5,7.3,0.9,1.2
"2002","Värnamo",12.3,8.8,8.8,20.9,2.7,40.1,4.0,1.3,1.0
"2002","Sävsjö",12.9,13.6,6.0,25.6,2.2,32.6,4.5,1.4,1.3
"2002","Vetlanda",11.2,12.2,8.1,19.7,3.0,38.2,5.8,0.8,1.0
"2002","Eksjö",13.2,11.3,9.0,19.4,3.6,37.1,4.9,0.8,0.8
"2002","Tranås",13.0,5.6,8.5,17.8,3.5,43.8,6.2,0.4,1.3
"2002","Uppvidinge",10.6,15.9,6.8,9.0,2.7,43.4,8.9,2.4,0.3
"2002","Lessebo",10.1,8.1,7.5,6.5,3.6,53.2,9.4,1.2,0.4
"2002","Tingsryd",14.9,17.7,6.2,11.9,3.3,36.5,6.0,2.2,1.2
"2002","Alvesta",13.0,13.6,8.8,11.2,3.3,40.2,7.2,2.2,0.7
"2002","Älmhult",14.8,11.4,8.7,10.7,3.3,44.5,4.7,1.3,0.5
"2002","Markaryd",11.8,10.0,6.6,16.1,2.6,44.2,5.0,3.0,0.8
"2002","Växjö",15.9,7.6,12.3,10.0,4.9,38.8,8.2,1.5,0.8
"2002","Ljungby",12.2,14.4,8.5,12.9,3.9,39.5,6.5,1.2,0.9
"2002","Högsby",9.6,12.8,5.3,14.3,2.3,46.1,8.2,0.8,0.5
"2002","Torsås",13.1,19.2,6.5,12.9,3.5,39.1,4.5,0.6,0.6
"2002","Mörbylånga",15.3,13.2,10.5,12.0,3.9,37.7,6.4,0.6,0.5
"2002","Hultsfred",9.1,14.1,5.4,12.3,2.3,46.2,8.2,1.8,0.5
"2002","Mönsterås",10.4,11.5,7.0,10.2,2.9,47.8,7.9,0.9,1.4
"2002","Emmaboda",9.8,13.3,5.5,9.9,3.3,50.4,5.8,0.8,1.3
"2002","Kalmar",15.4,6.1,11.4,9.9,4.7,42.9,7.1,0.7,1.8
"2002","Nybro",10.8,11.6,7.0,11.0,2.3,46.8,7.6,0.5,2.6
"2002","Oskarshamn",12.5,5.2,8.3,13.7,3.0,47.7,8.1,1.0,0.5
"2002","Västervik",11.6,9.7,10.9,9.0,3.9,45.0,8.5,0.8,0.5
"2002","Vimmerby",11.0,18.3,6.4,12.7,3.2,41.2,6.1,0.8,0.4
"2002","Borgholm",16.0,21.3,8.7,14.5,4.0,28.6,5.7,0.5,0.8
"2002","Gotland",14.0,15.6,7.9,6.5,5.5,40.8,8.5,0.6,0.5
"2002","Olofström",8.2,6.3,9.4,9.0,2.8,51.9,8.7,3.2,0.4
"2002","Karlskrona",13.8,6.1,12.4,9.9,4.0,43.7,7.2,2.6,0.3
"2002","Ronneby",12.7,7.3,10.6,7.8,3.8,45.6,9.0,3.0,0.2
"2002","Karlshamn",11.6,5.4,10.3,7.5,4.6,47.4,10.3,2.7,0.2
"2002","Sölvesborg",18.6,5.1,9.4,8.7,3.0,45.1,7.1,2.7,0.4
"2002","Svalöv",15.2,12.7,9.6,7.3,2.8,41.0,4.1,4.9,2.3
"2002","Staffanstorp",20.7,3.9,14.7,7.0,2.4,41.7,3.3,3.6,2.7
"2002","Burlöv",14.2,2.3,11.9,5.2,2.7,48.2,6.3,6.5,2.6
"2002","Vellinge",38.6,2.3,18.4,7.9,1.9,23.8,1.4,3.3,2.3
"2002","Östra Göinge",12.5,7.0,7.8,9.4,3.4,49.1,7.3,2.1,1.4
"2002","Örkelljunga",17.8,7.3,10.1,21.4,2.5,32.0,3.7,3.0,2.2
"2002","Bjuv",12.9,3.7,8.6,7.3,2.2,53.3,5.9,5.0,1.2
"2002","Kävlinge",18.1,4.3,13.8,6.4,2.6,43.0,4.1,6.0,1.6
"2002","Lomma",26.7,2.5,19.9,7.7,3.1,32.0,2.6,3.4,2.1
"2002","Svedala",16.6,4.0,13.5,6.9,2.5,44.5,3.8,6.3,1.9
"2002","Skurup",17.6,9.5,11.2,7.1,2.6,39.9,4.8,5.7,1.6
"2002","Sjöbo",18.4,10.8,9.1,9.3,2.8,36.7,4.8,5.0,3.2
"2002","Hörby",14.6,14.3,11.5,10.1,3.5,33.6,3.6,5.6,3.2
"2002","Höör",17.0,7.7,13.1,9.1,4.7,35.4,4.9,4.4,3.6
"2002","Tomelilla",18.4,12.0,9.7,8.1,3.2,37.4,5.3,5.0,0.9
"2002","Bromölla",9.3,3.8,7.7,7.0,2.9,56.4,8.7,3.4,0.7
"2002","Osby",10.9,9.1,8.3,11.4,3.2,46.0,7.2,3.0,0.8
"2002","Perstorp",15.8,7.2,10.8,9.3,2.2,42.9,7.7,1.7,2.5
"2002","Klippan",18.9,7.3,9.3,11.8,2.7,40.5,4.5,2.7,2.2
"2002","Åstorp",17.8,4.4,8.5,9.7,2.2,47.3,5.3,3.8,1.1
"2002","Båstad",27.1,11.3,15.4,14.9,3.6,21.4,3.1,2.5,0.6
"2002","Malmö",16.5,1.2,13.8,5.3,4.3,42.4,7.6,3.8,5.3
"2002","Lund",16.9,3.3,20.6,5.7,7.2,34.2,9.1,1.7,1.2
"2002","Landskrona",16.4,2.2,13.6,5.7,2.5,44.4,6.3,6.2,2.7
"2002","Helsingborg",18.8,2.1,15.1,8.4,3.6,39.0,5.9,4.0,3.0
"2002","Höganäs",22.8,4.0,16.2,11.5,3.6,32.7,4.7,2.7,1.8
"2002","Eslöv",14.1,9.4,10.8,5.9,3.2,45.6,5.2,4.5,1.3
"2002","Ystad",19.7,5.9,11.6,6.4,2.9,44.0,4.6,2.9,1.8
"2002","Trelleborg",15.0,4.1,9.8,7.1,2.8,48.1,4.1,4.9,4.0
"2002","Kristianstad",16.7,4.9,14.0,9.1,3.8,41.6,5.9,2.3,1.6
"2002","Simrishamn",19.8,9.0,11.9,9.1,3.9,35.7,6.7,2.5,1.4
"2002","Ängelholm",24.0,5.8,13.6,12.4,3.8,31.9,4.0,2.3,2.1
"2002","Hässleholm",15.1,8.8,10.5,13.0,4.1,38.5,5.6,3.5,0.9
"2002","Hylte",11.5,17.3,9.0,8.7,2.9,42.3,4.6,1.1,2.7
"2002","Halmstad",16.4,5.8,13.9,8.5,4.2,40.9,6.9,0.7,2.9
"2002","Laholm",16.6,16.4,10.2,11.5,3.6,33.0,4.8,1.2,2.7
"2002","Falkenberg",14.3,15.0,11.3,9.0,3.8,36.8,5.5,1.2,3.0
"2002","Varberg",13.8,11.4,11.0,9.9,4.0,39.0,7.0,1.3,2.5
"2002","Kungsbacka",24.5,5.9,19.8,12.1,3.8,26.2,4.7,1.2,1.9
"2002","Härryda",17.2,3.9,18.9,9.6,5.1,34.2,7.7,1.5,1.7
"2002","Partille",16.4,1.9,19.3,11.3,4.5,34.6,9.0,1.4,1.6
"2002","Öckerö",18.8,1.8,13.4,27.3,3.7,27.7,6.2,0.7,0.4
"2002","Stenungsund",16.0,5.1,16.5,11.3,4.2,37.3,6.8,1.3,1.6
"2002","Tjörn",16.1,3.8,17.6,22.0,3.7,28.7,5.4,1.9,0.8
"2002","Orust",14.6,9.3,14.6,11.3,4.6,35.6,8.1,1.3,0.5
"2002","Sotenäs",19.1,4.6,15.0,10.7,3.4,39.2,5.9,1.0,1.2
"2002","Munkedal",10.7,14.1,9.0,12.1,3.3,40.4,7.0,2.2,1.3
"2002","Tanum",14.5,18.6,14.2,10.5,5.0,29.3,5.9,0.6,1.5
"2002","Dals-Ed",10.8,17.9,6.4,17.2,3.7,37.9,4.3,0.3,1.6
"2002","Färgelanda",9.2,19.5,10.8,10.0,2.0,39.8,6.1,1.6,0.9
"2002","Ale",11.1,5.4,12.1,10.2,4.1,43.9,10.3,2.1,0.9
"2002","Lerum",17.3,3.4,18.1,12.1,5.0,32.9,8.5,1.7,0.9
"2002","Vårgårda",10.6,12.3,10.0,23.4,4.2,31.3,6.3,0.6,1.3
"2002","Bollebygd",16.6,7.8,10.9,13.9,4.5,37.3,7.0,1.5,0.5
"2002","Grästorp",18.3,17.0,9.4,12.3,2.9,33.2,5.2,1.2,0.4
"2002","Essunga",17.8,18.7,8.7,12.3,2.7,33.0,5.7,0.3,0.9
"2002","Karlsborg",13.6,10.2,9.5,12.4,3.2,43.5,6.2,0.5,0.9
"2002","Gullspång",11.6,10.7,6.8,10.9,3.9,42.9,8.1,2.7,2.3
"2002","Tranemo",12.3,15.4,8.9,11.8,3.3,42.1,5.0,0.9,0.3
"2002","Bengtsfors",8.9,14.1,9.0,10.5,3.0,46.2,6.9,0.2,1.1
"2002","Mellerud",12.7,15.3,9.6,13.4,3.1,35.7,6.3,1.9,2.0
"2002","Lilla Edet",10.2,8.5,9.7,8.0,4.7,45.6,9.8,2.7,0.8
"2002","Mark",11.1,10.5,9.5,12.1,4.1,42.8,8.1,1.0,0.9
"2002","Svenljunga",13.7,15.2,10.4,12.7,3.3,38.2,4.8,0.9,0.8
"2002","Herrljunga",12.1,16.0,9.8,17.1,3.5,32.7,6.6,1.2,1.0
"2002","Vara",19.6,16.2,8.9,12.5,2.7,33.3,5.6,1.0,0.3
"2002","Götene",11.6,10.9,9.1,14.0,3.9,40.5,8.0,1.0,1.0
"2002","Tibro",11.9,8.1,10.7,14.3,3.5,42.5,7.2,0.8,1.0
"2002","Töreboda",13.7,14.6,7.3,10.9,3.7,39.3,7.4,2.3,0.9
"2002","Göteborg",17.4,1.9,18.0,8.6,6.5,33.2,11.9,1.6,1.0
"2002","Mölndal",15.9,3.0,19.0,9.7,4.3,35.1,8.9,2.0,2.1
"2002","Kungälv",15.1,6.0,14.9,12.1,4.0,38.4,7.5,1.2,0.7
"2002","Lysekil",11.4,3.7,15.4,7.0,4.4,48.9,7.6,1.2,0.4
"2002","Uddevalla",11.8,5.3,12.5,10.7,4.1,43.3,9.1,2.4,0.7
"2002","Strömstad",13.9,13.8,12.8,7.6,5.3,38.5,6.8,0.6,0.7
"2002","Vänersborg",11.2,7.5,11.3,10.3,4.3,44.0,9.6,0.9,0.9
"2002","Trollhättan",11.5,4.5,11.3,7.7,3.9,49.9,8.8,2.1,0.3
"2002","Alingsås",13.1,5.5,15.3,15.8,5.6,34.4,9.2,0.5,0.6
"2002","Borås",15.2,4.3,11.6,11.7,3.8,42.2,8.2,1.5,1.6
"2002","Ulricehamn",12.6,13.3,11.3,15.4,4.0,35.1,6.3,0.5,1.6
"2002","Åmål",9.7,11.4,9.4,10.1,4.0,46.7,6.9,0.7,1.0
"2002","Mariestad",13.1,6.2,10.1,11.3,4.4,43.6,8.8,1.7,0.7
"2002","Lidköping",12.0,8.0,10.1,11.3,3.7,43.4,9.4,0.7,1.4
"2002","Skara",14.8,9.0,10.3,10.5,4.0,42.2,7.8,0.8,0.5
"2002","Skövde",14.6,7.5,12.2,11.7,3.9,40.9,7.1,1.0,1.0
"2002","Hjo",15.0,8.4,11.3,15.1,3.7,37.7,6.9,0.9,0.9
"2002","Tidaholm",10.0,8.3,8.4,11.4,3.2,49.2,8.4,0.8,0.4
"2002","Falköping",14.3,12.0,8.5,14.8,4.0,37.4,6.9,1.5,0.6
"2002","Kil",13.6,10.0,11.4,9.8,3.8,41.8,7.1,1.6,0.9
"2002","Eda",8.8,13.3,8.2,8.1,2.6,49.8,7.0,0.9,1.0
"2002","Torsby",15.7,12.7,5.9,5.4,2.9,43.6,11.6,1.2,1.0
"2002","Storfors",9.3,7.3,7.7,7.3,3.1,52.6,10.4,1.2,1.2
"2002","Hammarö",14.2,4.0,13.3,7.6,3.6,46.5,8.2,1.3,1.3
"2002","Munkfors",6.1,8.6,7.0,4.1,3.0,59.3,9.6,1.8,0.5
"2002","Forshaga",9.2,7.5,8.7,7.2,3.9,51.9,8.1,2.2,1.3
"2002","Grums",8.8,9.6,5.8,7.5,2.1,54.7,8.8,0.9,1.8
"2002","Årjäng",9.8,14.3,27.0,10.7,2.1,29.3,5.5,0.7,0.6
"2002","Sunne",14.6,20.3,9.4,8.9,3.8,35.1,5.9,1.6,0.5
"2002","Karlstad",15.2,5.7,14.2,8.7,4.9,40.0,8.0,1.4,2.0
"2002","Kristinehamn",12.0,8.6,12.3,8.3,4.3,42.1,9.5,1.4,1.5
"2002","Filipstad",8.2,5.6,7.3,5.8,3.3,53.8,12.3,1.4,2.2
"2002","Hagfors",6.3,9.4,5.0,4.9,2.0,56.9,13.7,1.2,0.6
"2002","Arvika",10.3,9.0,10.7,7.9,5.6,44.0,9.4,1.7,1.4
"2002","Säffle",12.4,19.1,10.8,10.9,3.6,33.8,6.6,1.0,1.9
"2002","Lekeberg",11.2,18.1,8.9,11.8,3.7,36.6,6.5,2.4,0.8
"2002","Laxå",6.8,7.3,8.9,10.0,2.4,50.7,9.7,2.4,1.7
"2002","Hallsberg",8.4,8.4,8.6,8.7,3.4,50.8,8.3,2.3,0.9
"2002","Degerfors",5.1,5.3,6.0,5.2,2.5,60.8,13.3,0.9,0.7
"2002","Hällefors",6.9,6.2,6.2,4.3,3.0,62.6,9.8,0.7,0.3
"2002","Ljusnarsberg",7.2,10.8,6.0,6.2,3.4,51.8,12.3,1.7,0.7
"2002","Örebro",12.1,4.6,14.2,10.2,5.2,41.8,9.0,1.8,1.3
"2002","Kumla",10.2,7.2,9.3,10.4,3.1,48.5,7.9,2.2,1.1
"2002","Askersund",11.1,10.6,8.8,9.4,3.2,45.5,8.6,2.1,0.8
"2002","Karlskoga",11.3,2.8,9.6,6.6,2.9,54.6,8.9,1.2,2.0
"2002","Nora",11.0,7.8,11.4,8.9,4.1,45.3,9.1,1.4,1.0
"2002","Lindesberg",10.1,12.0,8.4,7.6,4.0,47.5,7.7,1.6,1.0
"2002","Skinnskatteberg",7.8,8.3,6.8,5.3,3.9,53.6,12.9,0.6,0.9
"2002","Surahammar",7.2,3.8,8.7,5.6,3.5,57.8,11.5,0.9,0.9
"2002","Kungsör",12.2,8.9,11.7,8.5,3.6,45.3,8.3,0.5,1.1
"2002","Hallstahammar",8.3,4.3,9.8,8.3,3.3,52.3,10.6,1.9,1.1
"2002","Norberg",8.9,5.4,8.1,5.0,4.2,49.6,17.2,0.4,1.2
"2002","Västerås",14.5,3.2,16.7,8.2,4.9,42.4,7.3,1.2,1.7
"2002","Sala",11.8,12.8,11.3,9.6,4.3,40.8,7.4,1.2,0.8
"2002","Fagersta",10.2,3.9,8.0,6.0,3.6,52.6,13.7,1.0,1.0
"2002","Köping",11.0,7.0,10.3,6.8,3.3,48.8,9.9,0.9,2.1
"2002","Arboga",11.7,6.9,12.3,8.4,5.3,44.3,8.9,1.0,1.3
"2002","Vansbro",9.0,16.0,6.9,10.8,3.1,42.2,9.0,1.4,1.8
"2002","Malung-Sälen",14.5,11.3,10.0,6.6,2.6,42.7,9.5,0.6,2.2
"2002","Gagnef",9.9,15.1,8.9,10.6,4.5,40.4,7.3,0.8,2.5
"2002","Leksand",12.5,14.1,10.2,13.1,4.8,34.9,7.7,0.8,1.9
"2002","Rättvik",12.8,14.6,11.3,8.1,4.5,38.9,6.7,0.8,2.2
"2002","Orsa",10.3,13.6,9.1,8.2,6.0,36.9,10.2,2.8,2.9
"2002","Älvdalen",7.9,13.6,8.9,8.5,4.3,43.2,7.9,0.8,4.8
"2002","Smedjebacken",9.4,6.6,6.9,5.1,3.7,55.1,11.5,0.5,1.1
"2002","Mora",12.2,12.2,11.0,8.6,5.2,39.0,8.2,1.0,2.8
"2002","Falun",15.3,8.4,12.5,7.5,5.6,38.4,8.6,1.1,2.7
"2002","Borlänge",10.4,6.2,9.5,6.2,5.2,48.6,10.0,1.8,2.2
"2002","Säter",11.7,15.6,8.3,8.5,4.0,39.3,9.8,0.9,1.9
"2002","Hedemora",10.6,12.9,7.6,7.9,5.1,42.9,10.4,0.6,2.0
"2002","Avesta",9.6,9.5,8.8,7.0,3.5,50.0,9.7,0.8,1.1
"2002","Ludvika",8.9,4.6,7.7,5.9,3.9,53.9,13.2,1.1,0.9
"2002","Ockelbo",6.7,15.4,6.6,5.9,2.8,46.9,13.4,0.8,1.4
"2002","Hofors",6.5,5.1,7.7,4.3,3.3,56.4,15.4,1.2,0.2
"2002","Ovanåker",7.4,23.2,8.0,13.8,3.7,35.7,6.8,0.3,1.0
"2002","Nordanstig",7.0,20.0,7.9,8.6,4.5,39.4,9.2,0.7,2.7
"2002","Ljusdal",8.2,14.6,9.0,7.4,4.4,41.8,12.9,0.9,0.8
"2002","Gävle",11.8,4.4,12.9,7.4,5.0,46.5,10.0,1.5,0.6
"2002","Sandviken",9.1,6.5,8.5,6.5,3.7,51.8,11.8,1.1,1.1
"2002","Söderhamn",7.6,10.9,8.2,7.0,3.7,45.1,15.0,0.8,1.7
"2002","Bollnäs",9.6,18.1,11.4,7.5,4.8,37.2,9.1,0.8,1.3
"2002","Hudiksvall",8.1,15.0,7.8,7.1,5.6,42.6,11.8,0.6,1.4
"2002","Ånge",7.0,12.6,6.2,6.4,3.3,50.1,12.0,1.0,1.4
"2002","Timrå",5.4,8.3,8.0,5.9,2.3,55.0,12.5,1.5,1.2
"2002","Härnösand",10.0,10.5,10.1,7.4,5.7,45.6,9.6,0.4,0.7
"2002","Sundsvall",10.9,6.9,12.1,6.9,4.2,46.4,10.0,1.4,1.3
"2002","Kramfors",6.8,13.9,5.4,5.8,3.7,51.0,12.6,0.4,0.5
"2002","Sollefteå",6.8,9.9,5.7,7.4,4.1,53.4,11.5,0.7,0.6
"2002","Örnsköldsvik",6.4,12.0,8.0,10.3,2.6,51.8,7.0,0.1,1.7
"2002","Ragunda",7.7,18.0,4.0,3.2,3.2,49.4,12.0,0.2,2.4
"2002","Bräcke",8.3,14.9,5.5,2.6,3.3,52.2,11.4,0.1,1.6
"2002","Krokom",9.1,20.6,5.4,5.2,6.4,41.8,9.6,0.3,1.6
"2002","Strömsund",6.5,15.3,4.7,4.3,3.1,50.8,13.3,0.3,1.7
"2002","Åre",12.2,17.1,7.7,7.0,6.7,37.3,8.7,0.1,3.1
"2002","Berg",8.6,22.1,5.4,6.8,5.3,39.0,10.0,0.3,2.5
"2002","Härjedalen",9.8,11.6,6.1,4.7,3.7,50.2,12.2,0.3,1.5
"2002","Östersund",11.1,13.2,9.2,5.2,5.8,43.2,11.0,0.3,1.1
"2002","Nordmaling",7.5,14.5,9.0,10.1,2.3,48.3,7.5,0.2,0.7
"2002","Bjurholm",14.1,20.0,10.5,10.2,0.9,39.0,4.0,0.2,1.0
"2002","Vindeln",8.6,19.9,9.5,11.3,2.3,39.5,7.4,0.3,1.3
"2002","Robertsfors",5.7,30.4,5.4,8.9,2.1,38.8,8.0,0.2,0.5
"2002","Norsjö",4.1,19.6,6.7,9.0,1.7,44.1,13.7,0.1,1.0
"2002","Malå",6.1,9.0,8.5,7.2,2.0,48.8,17.3,0.1,0.9
"2002","Storuman",8.2,13.7,8.0,11.4,3.6,42.3,10.0,0.3,2.4
"2002","Sorsele",5.6,15.3,6.4,11.7,4.7,44.1,9.4,0.5,2.3
"2002","Dorotea",3.8,12.6,9.2,4.6,1.8,55.1,11.0,0.3,1.7
"2002","Vännäs",5.5,18.6,6.9,8.9,3.2,44.8,11.5,0.4,0.2
"2002","Vilhelmina",3.2,12.7,8.7,11.4,3.3,48.2,10.2,0.6,1.7
"2002","Åsele",5.2,17.2,5.8,6.0,1.9,52.4,9.1,0.4,2.0
"2002","Umeå",7.8,8.6,11.8,7.5,6.5,43.9,12.6,0.3,1.0
"2002","Lycksele",5.5,8.4,10.9,10.9,2.1,50.6,9.9,0.4,1.4
"2002","Skellefteå",5.0,10.2,9.5,8.5,3.6,50.7,11.5,0.4,0.7
"2002","Arvidsjaur",5.1,7.5,5.4,4.3,1.9,53.9,14.5,0.0,7.4
"2002","Arjeplog",3.9,9.3,5.5,5.7,4.5,45.8,14.8,0.0,10.6
"2002","Jokkmokk",4.1,3.2,5.4,3.7,8.7,45.3,13.5,0.0,15.9
"2002","Överkalix",3.6,9.3,3.2,3.5,3.3,53.7,13.1,0.2,10.2
"2002","Kalix",6.4,6.2,4.9,4.0,8.8,53.4,10.1,0.2,6.0
"2002","Övertorneå",6.4,11.8,2.6,6.1,3.1,36.8,12.8,0.1,20.2
"2002","Pajala",5.0,4.2,2.2,7.9,2.5,35.5,19.5,0.0,23.0
"2002","Gällivare",7.0,1.9,4.0,3.4,4.9,41.9,16.6,0.8,19.5
"2002","Älvsbyn",4.0,7.5,4.0,6.2,2.4,53.6,15.0,0.2,7.2
"2002","Luleå",9.9,4.8,9.8,5.8,6.2,47.0,11.6,0.2,4.7
"2002","Piteå",4.7,6.1,6.2,6.4,4.0,55.5,11.9,0.4,4.8
"2002","Boden",10.0,3.9,6.8,5.2,5.0,47.3,11.6,0.2,10.0
"2002","Haparanda",11.5,10.8,3.9,5.5,4.2,44.8,9.8,0.2,9.2
"2002","Kiruna",4.5,1.9,4.2,3.9,5.3,40.9,14.8,0.5,24.0
"2006","Upplands Väsby",34.5,4.0,9.0,6.3,5.2,30.6,5.8,2.5,2.1
"2006","Vallentuna",42.1,7.5,8.8,7.1,6.1,20.9,3.4,1.8,2.3
"2006","Österåker",42.3,5.6,9.3,7.3,5.6,22.8,3.6,1.8,1.7
"2006","Värmdö",42.9,5.5,8.4,6.2,6.4,22.4,4.3,2.1,1.8
"2006","Järfälla",34.1,4.1,9.5,6.8,5.5,30.1,5.6,2.2,2.1
"2006","Ekerö",44.7,7.0,10.3,7.4,6.6,17.1,3.3,1.4,2.2
"2006","Huddinge",35.2,4.2,9.1,6.2,5.4,29.1,5.7,2.7,2.3
"2006","Botkyrka",27.0,3.3,7.7,6.7,5.4,38.4,7.2,2.2,2.1
"2006","Salem",35.5,4.9,9.6,6.4,5.8,28.8,4.1,2.6,2.3
"2006","Haninge",32.6,3.9,7.9,5.9,5.5,33.3,5.9,2.3,2.8
"2006","Tyresö",38.6,4.9,9.3,5.9,6.1,26.2,4.9,1.5,2.6
"2006","Upplands-Bro",31.9,4.4,7.7,8.4,5.0,32.4,5.7,2.6,1.9
"2006","Nykvarn",34.6,7.1,7.2,5.8,4.1,32.6,2.8,2.9,2.9
"2006","Täby",53.8,5.2,11.2,7.5,3.8,13.8,2.1,1.1,1.5
"2006","Danderyd",59.7,6.3,10.6,9.4,3.0,7.8,1.2,0.7,1.2
"2006","Sollentuna",41.1,6.0,10.9,7.6,5.2,21.8,4.1,1.3,2.0
"2006","Stockholm",35.1,5.6,10.0,5.0,9.3,23.2,7.4,1.6,2.7
"2006","Södertälje",26.8,5.4,7.1,7.2,6.4,36.0,5.6,1.9,3.5
"2006","Nacka",43.8,5.7,10.2,6.3,6.6,19.9,4.3,1.3,1.9
"2006","Sundbyberg",33.4,4.6,9.2,4.4,7.0,29.8,7.0,2.1,2.6
"2006","Solna",37.8,5.1,10.7,5.1,7.0,24.4,6.0,1.6,2.3
"2006","Lidingö",52.9,6.4,11.9,8.1,4.3,11.5,2.2,1.4,1.2
"2006","Vaxholm",46.6,6.9,8.9,7.8,6.9,17.2,2.9,1.1,1.7
"2006","Norrtälje",32.0,9.5,6.7,6.3,4.9,31.5,4.8,2.1,2.2
"2006","Sigtuna",34.7,5.3,7.6,6.3,4.5,32.9,4.1,2.5,2.1
"2006","Nynäshamn",31.3,5.1,6.6,6.0,5.2,34.9,5.7,3.0,2.2
"2006","Håbo",39.6,5.9,6.8,6.3,3.9,28.8,3.6,2.3,2.7
"2006","Älvkarleby",14.6,4.6,5.0,3.7,3.5,54.4,7.6,3.8,2.9
"2006","Knivsta",34.0,10.1,9.9,7.9,5.5,24.3,3.6,2.6,2.2
"2006","Heby",18.9,17.0,5.0,7.1,3.1,36.7,5.9,3.8,2.4
"2006","Tierp",14.7,14.3,5.5,5.5,3.6,45.8,5.5,3.1,2.0
"2006","Uppsala",26.9,8.6,11.3,7.0,7.8,26.9,6.5,2.0,3.0
"2006","Enköping",29.1,12.5,5.2,5.9,4.4,34.2,3.8,2.2,2.7
"2006","Östhammar",23.5,13.1,6.0,5.5,3.7,39.4,4.4,2.3,2.0
"2006","Vingåker",18.4,7.8,4.1,6.1,4.5,51.0,4.0,2.8,1.3
"2006","Gnesta",26.1,11.3,5.5,5.6,7.3,34.5,4.9,2.5,2.3
"2006","Nyköping",23.6,7.3,6.7,7.5,5.2,40.4,4.8,2.4,2.0
"2006","Oxelösund",18.5,3.4,5.7,4.6,4.7,50.7,8.1,2.3,1.9
"2006","Flen",20.2,8.7,4.9,5.6,4.3,46.5,5.4,2.7,1.7
"2006","Katrineholm",19.1,6.7,7.2,5.7,5.2,48.0,4.3,2.4,1.5
"2006","Eskilstuna",21.6,6.0,6.9,5.8,5.4,44.1,5.4,2.8,2.1
"2006","Strängnäs",32.4,7.6,8.3,6.7,4.7,32.5,3.7,2.2,2.0
"2006","Trosa",35.2,6.3,7.9,7.0,4.9,31.0,3.4,1.9,2.4
"2006","Ödeshög",20.8,12.8,4.0,13.6,3.8,35.7,3.8,2.8,2.6
"2006","Ydre",20.3,19.0,4.3,14.4,3.8,30.8,3.6,2.6,1.2
"2006","Kinda",20.8,16.2,3.7,8.4,4.0,38.0,4.2,2.5,2.3
"2006","Boxholm",13.5,11.2,2.9,8.0,3.0,50.5,5.5,2.5,2.9
"2006","Åtvidaberg",19.8,10.3,4.2,7.0,3.1,46.4,4.7,2.2,2.4
"2006","Finspång",18.0,7.0,4.7,7.0,4.1,47.1,6.6,2.7,2.8
"2006","Valdemarsvik",22.9,14.7,4.2,6.6,2.7,40.2,4.0,2.5,2.3
"2006","Linköping",27.4,7.2,8.6,7.7,6.2,32.8,4.8,1.7,3.7
"2006","Norrköping",26.1,5.6,6.0,6.4,5.5,37.1,5.8,2.8,4.6
"2006","Söderköping",28.6,11.7,5.3,7.6,5.3,30.9,4.4,2.7,3.5
"2006","Motala",21.0,6.2,6.1,5.9,4.0,44.1,5.8,2.6,4.3
"2006","Vadstena",27.9,8.1,5.4,8.0,4.2,36.0,4.3,2.6,3.4
"2006","Mjölby",21.5,8.6,5.5,7.2,3.2,42.9,4.6,2.0,4.5
"2006","Aneby",17.6,13.1,4.9,22.0,2.8,31.5,3.2,3.3,1.6
"2006","Gnosjö",21.5,7.5,4.0,25.1,2.3,31.7,2.5,3.7,1.8
"2006","Mullsjö",20.9,7.2,5.0,19.8,4.1,32.6,4.8,3.0,2.8
"2006","Habo",24.8,7.0,5.6,19.4,3.2,31.7,3.4,3.4,1.5
"2006","Gislaved",25.0,10.5,5.4,10.0,2.7,36.7,3.1,4.6,2.0
"2006","Vaggeryd",19.8,8.4,4.6,19.1,2.5,37.3,3.5,3.8,1.1
"2006","Jönköping",22.9,5.8,6.0,17.0,4.1,34.5,5.0,2.6,2.1
"2006","Nässjö",19.2,8.0,4.1,14.0,3.5,40.9,5.4,3.2,1.7
"2006","Värnamo",22.1,10.6,5.0,15.5,2.8,35.9,3.0,3.8,1.3
"2006","Sävsjö",20.4,13.4,3.8,20.9,1.8,30.4,3.1,4.8,1.4
"2006","Vetlanda",19.7,13.0,5.5,14.4,3.2,35.9,4.4,2.7,1.3
"2006","Eksjö",23.9,12.2,5.6,13.9,3.7,32.7,3.7,2.8,1.6
"2006","Tranås",22.0,6.9,5.3,12.5,3.8,40.2,4.6,2.9,1.8
"2006","Uppvidinge",20.5,15.9,3.4,6.5,2.7,37.8,6.0,5.7,1.5
"2006","Lessebo",18.2,9.6,4.0,4.1,3.5,48.2,7.6,3.0,1.9
"2006","Tingsryd",26.2,15.9,4.2,7.6,2.9,33.7,4.0,3.9,1.6
"2006","Alvesta",24.1,13.0,5.1,7.5,3.2,36.9,4.4,3.8,2.0
"2006","Älmhult",24.4,12.7,4.9,7.9,3.5,37.5,3.4,4.7,1.1
"2006","Markaryd",19.8,10.4,3.7,12.6,2.4,41.3,2.8,4.8,2.2
"2006","Växjö",26.7,8.7,7.2,7.7,5.5,33.9,5.5,2.8,2.0
"2006","Ljungby",23.2,14.0,5.0,9.1,3.5,35.8,4.5,3.2,1.6
"2006","Högsby",15.8,14.7,4.2,7.1,2.1,44.7,5.1,5.2,1.1
"2006","Torsås",20.5,17.5,3.8,8.9,3.2,37.0,3.1,4.0,2.1
"2006","Mörbylånga",25.2,13.3,6.0,7.1,4.2,34.9,4.1,3.0,2.0
"2006","Hultsfred",16.1,14.1,3.8,8.1,2.9,43.8,5.7,3.7,2.0
"2006","Mönsterås",17.3,12.3,4.2,6.7,2.8,46.2,5.2,3.7,1.5
"2006","Emmaboda",17.6,13.9,2.8,7.7,3.5,45.2,4.1,3.2,2.0
"2006","Kalmar",24.8,7.6,6.6,6.5,5.2,39.5,4.8,3.0,2.0
"2006","Nybro",18.9,12.0,3.6,7.0,2.7,44.3,5.3,3.0,3.2
"2006","Oskarshamn",21.2,6.0,4.9,8.5,2.8,44.3,6.8,4.0,1.6
"2006","Västervik",20.1,9.3,6.3,5.8,4.2,45.3,5.5,2.1,1.5
"2006","Vimmerby",18.6,17.2,4.1,8.3,3.5,39.5,4.1,3.1,1.7
"2006","Borgholm",26.2,21.5,4.5,8.0,4.0,26.8,3.8,3.5,1.8
"2006","Gotland",21.6,19.3,4.3,3.8,6.3,34.9,6.0,1.6,2.3
"2006","Olofström",14.5,6.9,5.3,5.2,2.4,51.6,6.3,6.1,1.6
"2006","Karlskrona",23.6,7.1,7.5,5.8,4.1,40.0,4.5,5.9,1.6
"2006","Ronneby",21.4,9.0,5.9,4.5,3.4,41.7,6.2,5.9,2.1
"2006","Karlshamn",19.7,6.5,6.0,4.5,4.2,44.6,6.7,6.3,1.4
"2006","Sölvesborg",27.2,5.6,4.7,5.1,2.3,41.1,4.6,7.9,1.7
"2006","Svalöv",22.9,13.8,5.9,4.3,3.0,35.7,3.0,9.7,1.7
"2006","Staffanstorp",36.0,5.2,8.5,4.3,3.3,32.0,2.2,5.2,3.3
"2006","Burlöv",24.7,3.2,7.4,3.3,3.1,42.3,4.3,8.0,3.7
"2006","Vellinge",55.9,3.7,8.8,5.6,1.9,16.8,1.1,4.2,2.0
"2006","Östra Göinge",18.5,8.2,5.7,7.0,2.7,46.0,3.7,5.9,2.4
"2006","Örkelljunga",26.5,7.8,6.0,13.9,1.9,29.7,2.4,7.5,4.4
"2006","Bjuv",20.7,4.4,4.9,4.3,2.0,48.2,3.0,10.3,2.3
"2006","Kävlinge",31.8,5.6,8.6,4.2,2.6,35.3,2.2,7.0,2.8
"2006","Lomma",44.6,5.2,11.0,5.3,2.9,22.3,1.6,3.9,3.1
"2006","Svedala",30.4,4.6,8.2,3.9,2.7,36.4,2.2,9.3,2.4
"2006","Skurup",29.0,8.8,6.5,4.6,2.9,35.2,2.8,7.8,2.4
"2006","Sjöbo",29.6,10.5,5.2,5.9,2.7,32.2,3.0,8.9,2.0
"2006","Hörby",26.7,12.4,7.0,6.3,3.1,28.8,2.4,8.0,5.1
"2006","Höör",28.2,8.6,7.2,5.7,5.2,30.7,3.8,7.7,3.0
"2006","Tomelilla",27.6,11.8,5.2,5.3,3.3,32.7,3.2,8.4,2.5
"2006","Bromölla",15.9,4.7,5.5,4.5,2.3,51.9,5.8,7.4,2.1
"2006","Osby",19.2,9.9,5.5,7.8,2.9,42.7,4.1,6.5,1.5
"2006","Perstorp",23.5,7.1,5.6,5.8,1.7,40.9,5.4,6.1,4.0
"2006","Klippan",27.0,7.3,5.4,6.5,2.6,38.3,2.9,7.5,2.6
"2006","Åstorp",23.4,5.7,5.1,5.0,1.8,45.3,2.9,8.4,2.4
"2006","Båstad",41.8,12.7,7.7,8.4,3.7,18.2,1.8,3.6,2.1
"2006","Malmö",28.5,2.9,8.9,3.5,6.1,35.2,5.5,5.0,4.6
"2006","Lund",29.8,7.2,12.3,4.4,9.1,25.7,5.9,2.5,3.0
"2006","Landskrona",24.2,3.0,12.2,2.7,2.9,40.8,3.9,8.2,2.1
"2006","Helsingborg",31.5,3.8,8.7,5.0,4.1,33.2,3.5,6.3,3.9
"2006","Höganäs",37.3,5.8,8.4,7.8,4.0,27.2,2.4,4.2,2.9
"2006","Eslöv",22.2,9.3,7.0,3.8,3.1,40.1,3.5,8.4,2.4
"2006","Ystad",31.7,6.4,6.5,5.1,3.3,36.8,2.7,4.6,3.0
"2006","Trelleborg",23.8,4.9,6.4,5.9,2.8,39.8,2.6,9.0,4.9
"2006","Kristianstad",26.4,7.5,9.8,4.7,3.7,36.5,3.8,4.4,3.2
"2006","Simrishamn",30.9,9.7,6.1,6.7,4.8,30.2,3.5,4.4,3.7
"2006","Ängelholm",35.8,7.1,7.2,7.4,3.7,27.5,2.7,4.7,4.0
"2006","Hässleholm",25.3,9.4,6.1,8.6,3.7,35.0,3.4,6.4,2.1
"2006","Hylte",21.7,15.7,5.1,6.8,2.8,38.5,3.3,4.1,2.0
"2006","Halmstad",27.7,6.8,7.8,6.1,4.3,36.1,4.4,2.6,4.2
"2006","Laholm",27.9,15.8,5.5,6.4,3.4,28.7,3.7,6.1,2.3
"2006","Falkenberg",24.6,14.8,6.7,5.7,3.9,35.1,3.8,3.0,2.4
"2006","Varberg",25.7,12.3,6.7,6.2,4.3,34.8,4.7,2.8,2.5
"2006","Kungsbacka",39.7,8.4,9.9,8.4,3.8,21.6,3.1,2.1,3.0
"2006","Härryda",29.6,6.9,10.7,7.4,5.5,29.2,5.4,2.7,2.6
"2006","Partille",28.3,4.6,10.7,8.4,5.2,30.4,6.1,2.8,3.4
"2006","Öckerö",28.4,3.4,9.3,21.7,4.5,24.0,4.1,2.3,2.5
"2006","Stenungsund",27.8,7.4,9.0,7.3,5.0,31.4,5.1,2.6,4.3
"2006","Tjörn",29.5,6.3,11.1,15.9,4.2,24.8,4.0,2.0,2.2
"2006","Orust",25.8,11.7,8.0,8.0,4.8,31.0,5.1,2.6,3.1
"2006","Sotenäs",30.2,6.4,10.3,9.7,3.3,31.7,3.7,2.2,2.7
"2006","Munkedal",20.1,14.2,5.9,8.0,3.3,38.3,4.7,3.3,2.2
"2006","Tanum",26.8,19.0,8.7,7.1,4.7,25.2,3.5,2.2,2.7
"2006","Dals-Ed",19.8,17.1,4.7,12.0,2.8,33.9,3.1,1.9,4.7
"2006","Färgelanda",17.5,18.7,6.3,5.6,2.1,38.1,3.7,4.2,3.6
"2006","Ale",21.2,7.0,7.2,7.1,4.2,40.0,7.2,3.9,2.2
"2006","Lerum",30.0,6.3,10.2,8.8,6.4,27.5,5.6,2.5,2.8
"2006","Vårgårda",18.4,13.6,7.6,16.6,4.7,29.5,4.2,3.2,2.2
"2006","Bollebygd",27.1,9.4,6.6,8.5,3.5,32.4,5.6,3.8,3.2
"2006","Grästorp",29.5,16.4,4.5,6.4,2.4,32.6,3.6,2.3,2.4
"2006","Essunga",27.4,18.2,4.6,7.5,3.0,29.8,4.3,2.9,2.2
"2006","Karlsborg",22.1,13.5,6.1,7.4,2.8,39.4,3.8,2.6,2.3
"2006","Gullspång",17.8,11.2,4.7,7.0,3.0,43.1,5.3,3.7,4.3
"2006","Tranemo",21.2,17.6,5.8,6.5,3.1,36.1,3.5,3.9,2.4
"2006","Bengtsfors",16.6,14.4,4.9,6.9,4.1,42.8,5.5,2.1,2.8
"2006","Mellerud",20.5,15.9,5.3,9.4,3.1,34.2,5.0,4.3,2.2
"2006","Lilla Edet",17.7,9.1,5.4,5.5,3.8,42.5,7.9,5.2,3.0
"2006","Mark",20.4,11.8,5.3,7.8,4.0,38.3,6.4,2.9,3.0
"2006","Svenljunga",24.0,16.3,6.2,7.7,2.2,34.2,2.6,2.9,4.0
"2006","Herrljunga",21.3,15.5,6.9,10.6,3.2,31.0,4.9,3.6,3.0
"2006","Vara",28.6,16.0,4.9,7.8,2.3,32.1,4.1,2.2,1.9
"2006","Götene",21.0,10.9,5.5,10.8,3.9,38.6,4.7,2.6,2.0
"2006","Tibro",19.7,9.8,7.0,10.3,2.9,40.3,4.6,3.3,2.3
"2006","Töreboda",21.2,14.0,4.0,6.9,3.1,39.9,5.2,3.0,2.7
"2006","Göteborg",26.9,4.5,10.2,6.7,8.4,28.9,8.7,2.5,3.1
"2006","Mölndal",27.8,5.6,11.6,7.6,5.5,29.9,6.1,3.3,2.5
"2006","Kungälv",26.2,7.9,8.8,8.7,4.5,33.0,5.1,3.5,2.4
"2006","Lysekil",20.7,4.8,10.2,6.0,4.7,42.9,5.5,2.5,2.7
"2006","Uddevalla",23.1,6.1,7.5,7.9,4.7,38.9,5.2,3.6,3.1
"2006","Strömstad",21.9,13.8,9.8,6.3,5.2,34.2,4.9,1.8,2.2
"2006","Vänersborg",19.4,8.5,6.8,7.5,4.8,42.0,5.9,2.6,2.5
"2006","Trollhättan",18.8,5.6,6.8,5.5,4.3,49.6,5.4,2.0,2.1
"2006","Alingsås",22.7,8.1,9.7,10.4,6.7,31.5,6.4,2.4,2.2
"2006","Borås",25.4,5.8,7.2,7.9,4.2,36.4,6.1,3.2,3.9
"2006","Ulricehamn",24.0,14.7,5.7,9.8,4.2,30.7,4.0,2.9,4.0
"2006","Åmål",18.4,11.1,5.1,6.4,4.2,44.2,5.8,2.4,2.5
"2006","Mariestad",23.6,6.8,4.9,7.7,3.8,42.1,6.1,3.0,2.0
"2006","Lidköping",22.4,8.8,5.4,8.8,4.3,39.5,6.4,2.8,1.8
"2006","Skara",25.5,9.1,6.1,6.7,4.1,38.4,4.8,3.0,2.0
"2006","Skövde",25.4,8.8,6.7,7.4,4.0,37.5,5.0,3.0,2.1
"2006","Hjo",25.7,9.1,5.9,10.1,4.4,35.5,4.4,3.0,2.0
"2006","Tidaholm",17.3,8.6,4.2,7.2,3.0,48.7,5.6,3.3,2.0
"2006","Falköping",22.4,12.6,4.5,9.6,3.6,36.1,4.8,4.2,2.2
"2006","Kil",21.0,11.0,6.0,6.5,3.4,41.7,5.2,3.3,1.9
"2006","Eda",16.1,15.8,3.5,6.1,2.1,45.3,4.8,3.3,3.0
"2006","Torsby",21.4,11.7,3.2,3.9,2.4,44.7,8.3,2.9,1.4
"2006","Storfors",15.5,8.4,3.6,4.5,2.2,52.3,8.6,2.8,2.0
"2006","Hammarö",25.0,5.6,7.0,6.6,4.0,41.9,5.7,2.3,1.9
"2006","Munkfors",9.5,9.7,5.5,2.7,2.4,55.8,9.1,3.2,2.0
"2006","Forshaga",16.3,7.6,5.0,5.3,3.1,51.2,5.7,3.6,2.1
"2006","Grums",16.3,9.5,3.3,5.4,2.3,52.0,6.4,2.7,2.1
"2006","Årjäng",19.3,18.7,8.2,10.0,2.3,31.9,4.6,2.9,2.0
"2006","Sunne",23.7,19.9,5.2,5.7,3.2,34.2,3.9,2.5,1.7
"2006","Karlstad",25.2,7.5,7.7,6.5,5.5,36.8,6.0,2.3,2.5
"2006","Kristinehamn",20.6,8.6,6.4,5.5,3.6,43.6,7.3,2.5,1.9
"2006","Filipstad",14.0,5.9,4.2,3.5,2.3,56.5,8.9,3.1,1.6
"2006","Hagfors",11.7,8.3,3.1,3.1,1.8,55.8,11.1,3.7,1.5
"2006","Arvika",18.5,11.2,5.5,5.4,4.9,41.6,6.8,3.9,2.1
"2006","Säffle",20.6,17.1,5.2,7.0,2.5,36.7,4.2,3.9,2.8
"2006","Lekeberg",18.9,17.2,4.8,10.0,3.6,34.8,4.1,4.7,2.0
"2006","Laxå",13.5,7.6,4.3,8.0,2.0,53.6,5.6,3.6,1.7
"2006","Hallsberg",14.7,8.7,4.9,6.6,3.5,49.1,5.9,4.6,1.9
"2006","Degerfors",9.8,5.4,3.2,5.2,2.7,57.6,11.2,2.9,2.0
"2006","Hällefors",12.6,7.6,2.7,3.0,2.7,57.5,8.6,3.5,1.9
"2006","Ljusnarsberg",14.5,10.3,3.1,3.8,3.4,48.4,8.9,5.9,1.7
"2006","Örebro",21.0,6.3,8.7,8.1,6.0,38.0,6.0,3.5,2.4
"2006","Kumla",16.5,7.4,6.1,8.9,2.9,47.3,4.7,4.4,1.8
"2006","Askersund",18.6,10.9,5.2,7.4,3.5,43.9,5.4,3.7,1.3
"2006","Karlskoga",19.8,4.2,4.7,5.3,3.2,49.4,6.4,3.0,4.0
"2006","Nora",18.5,9.0,6.7,6.2,4.6,43.1,5.5,4.1,2.3
"2006","Lindesberg",18.2,12.4,4.4,5.4,3.6,43.5,5.3,5.1,2.1
"2006","Skinnskatteberg",14.4,9.2,5.7,3.8,3.4,48.6,9.2,3.0,2.8
"2006","Surahammar",14.4,4.8,5.9,4.2,3.1,54.0,8.4,2.5,2.8
"2006","Kungsör",23.4,10.9,6.1,5.6,3.7,38.8,5.8,3.2,2.6
"2006","Hallstahammar",16.0,5.3,5.9,7.2,3.7,49.1,7.5,2.8,2.4
"2006","Norberg",16.3,6.6,4.5,3.3,4.2,44.5,12.6,3.1,4.8
"2006","Västerås",26.7,5.3,10.1,6.0,4.9,35.9,5.3,2.2,3.5
"2006","Sala",23.0,14.3,6.3,6.5,3.5,35.5,5.7,2.7,2.5
"2006","Fagersta",17.8,4.4,5.1,4.6,3.0,49.9,9.4,2.3,3.3
"2006","Köping",19.9,8.6,5.6,5.0,3.3,45.1,6.6,3.4,2.4
"2006","Arboga",21.1,8.8,6.6,5.2,3.9,42.1,6.4,2.4,3.5
"2006","Vansbro",16.6,15.9,3.6,9.3,2.3,39.2,7.4,2.9,2.7
"2006","Malung-Sälen",26.4,11.8,6.3,3.7,2.4,37.8,7.9,2.1,1.7
"2006","Gagnef",18.2,16.3,4.1,7.3,4.1,38.6,5.7,2.7,3.0
"2006","Leksand",25.5,13.6,5.0,10.5,4.9,31.3,4.8,1.5,2.9
"2006","Rättvik",22.2,15.3,5.7,5.5,4.1,36.0,4.1,2.5,4.5
"2006","Orsa",21.0,15.6,4.2,5.5,5.1,34.8,6.9,3.2,3.6
"2006","Älvdalen",17.6,14.5,4.1,5.3,2.7,42.4,4.7,3.3,5.5
"2006","Smedjebacken",16.1,7.3,3.2,3.5,2.9,53.7,7.6,2.2,3.5
"2006","Mora",23.3,13.6,4.9,4.8,4.8,36.3,5.2,1.8,5.3
"2006","Falun",25.5,10.5,6.3,5.9,6.1,33.8,5.9,2.5,3.6
"2006","Borlänge",18.8,7.3,5.7,4.4,4.4,45.5,7.1,3.6,3.2
"2006","Säter",20.0,15.5,4.9,5.6,3.8,37.3,6.7,2.5,3.6
"2006","Hedemora",19.5,12.1,4.1,5.3,4.7,40.8,7.4,3.1,3.0
"2006","Avesta",19.3,8.4,4.9,4.4,3.4,46.1,6.7,4.0,2.8
"2006","Ludvika",16.6,6.1,4.4,4.0,3.2,49.2,10.0,2.9,3.6
"2006","Ockelbo",14.9,16.8,3.1,4.0,3.2,44.5,9.2,2.0,2.2
"2006","Hofors",13.7,5.9,5.4,2.8,3.2,51.0,11.4,4.0,2.6
"2006","Ovanåker",13.1,22.9,4.4,11.4,2.7,37.0,4.1,2.0,2.4
"2006","Nordanstig",14.2,19.5,5.0,5.2,3.5,38.3,7.1,3.7,3.6
"2006","Ljusdal",19.2,14.5,4.4,4.9,3.9,38.8,8.4,3.1,2.7
"2006","Gävle",22.2,6.2,7.1,4.9,5.4,40.6,7.5,3.3,2.8
"2006","Sandviken",17.5,7.8,5.0,4.5,3.3,47.5,8.9,2.4,3.1
"2006","Söderhamn",15.1,10.9,4.1,4.9,3.4,45.5,9.0,3.6,3.4
"2006","Bollnäs",17.0,17.0,4.8,5.7,3.8,38.5,6.7,3.0,3.6
"2006","Hudiksvall",17.5,15.9,3.7,5.0,5.3,39.0,8.5,2.3,3.0
"2006","Ånge",14.0,12.1,3.4,5.0,2.6,48.6,8.5,3.3,2.5
"2006","Timrå",12.6,8.7,4.6,4.4,2.8,53.4,7.7,3.5,2.3
"2006","Härnösand",19.1,11.5,5.0,4.9,5.7,39.4,7.0,2.2,5.2
"2006","Sundsvall",21.0,8.2,7.3,5.1,4.5,42.1,6.6,2.8,2.4
"2006","Kramfors",12.8,14.4,3.0,4.1,3.0,50.2,9.3,1.4,1.9
"2006","Sollefteå",13.0,10.5,4.0,4.6,3.6,51.1,9.1,2.2,1.9
"2006","Örnsköldsvik",14.9,13.0,4.4,8.4,2.8,49.2,4.0,1.0,2.3
"2006","Ragunda",12.4,17.9,2.6,2.8,2.8,45.7,11.3,1.9,2.4
"2006","Bräcke",15.0,14.9,3.0,2.2,3.2,48.2,9.7,1.3,2.6
"2006","Krokom",15.7,21.8,3.5,4.1,5.6,37.8,7.2,1.6,2.7
"2006","Strömsund",13.9,14.4,2.7,2.9,2.2,48.8,10.3,1.9,2.8
"2006","Åre",23.2,18.8,4.3,5.0,6.8,31.6,6.3,1.5,2.5
"2006","Berg",16.4,24.3,2.2,4.2,4.3,35.9,7.7,1.7,3.4
"2006","Härjedalen",17.2,12.9,4.7,3.8,2.3,45.7,8.2,2.7,2.5
"2006","Östersund",19.0,15.8,5.0,3.8,6.2,38.2,8.1,1.3,2.6
"2006","Nordmaling",11.8,15.8,8.3,6.5,2.5,46.2,6.1,1.5,1.4
"2006","Bjurholm",19.2,20.0,9.7,8.4,2.2,35.7,3.2,0.3,1.3
"2006","Vindeln",16.4,19.4,5.9,8.5,2.4,39.2,4.7,1.2,2.3
"2006","Robertsfors",9.9,28.1,3.9,6.4,3.1,39.6,6.2,0.8,2.1
"2006","Norsjö",7.3,15.4,4.6,9.1,1.6,49.4,9.6,1.0,2.0
"2006","Malå",10.4,8.9,6.3,5.3,1.4,54.2,11.0,0.7,1.8
"2006","Storuman",15.6,12.4,6.3,9.9,2.7,40.9,8.4,1.2,2.7
"2006","Sorsele",12.7,17.9,4.2,9.3,2.9,41.3,8.1,1.4,2.3
"2006","Dorotea",8.7,12.5,8.6,3.2,1.0,54.6,9.0,1.0,1.3
"2006","Vännäs",12.5,18.2,4.4,7.1,4.3,42.5,8.3,0.9,1.8
"2006","Vilhelmina",8.9,12.9,6.0,10.0,2.3,47.0,8.9,1.4,2.5
"2006","Åsele",9.9,16.3,4.8,6.5,1.1,50.6,7.0,1.6,2.3
"2006","Umeå",16.5,10.5,6.9,5.6,9.1,38.6,8.6,0.9,3.3
"2006","Lycksele",12.2,8.7,6.1,9.3,2.7,50.1,7.3,1.7,1.9
"2006","Skellefteå",11.0,10.1,6.0,6.3,4.3,50.3,8.9,1.4,1.8
"2006","Arvidsjaur",10.5,7.5,3.9,2.1,1.7,57.5,12.5,1.0,3.3
"2006","Arjeplog",10.7,10.3,6.1,4.8,3.2,45.0,14.5,1.7,3.7
"2006","Jokkmokk",10.8,5.5,5.8,2.3,6.5,47.8,14.7,1.0,5.4
"2006","Överkalix",7.1,11.4,2.5,2.6,2.1,58.5,12.6,0.8,2.4
"2006","Kalix",10.3,7.0,3.3,3.3,4.7,59.9,7.0,1.7,2.7
"2006","Övertorneå",12.7,14.9,3.2,4.6,2.7,43.9,11.7,1.0,5.3
"2006","Pajala",10.0,4.8,2.2,5.6,2.1,45.9,22.8,1.4,5.2
"2006","Gällivare",11.9,2.6,2.4,2.8,2.9,52.8,17.8,2.3,4.4
"2006","Älvsbyn",7.8,8.6,3.1,4.7,2.1,56.7,11.3,1.6,4.4
"2006","Luleå",17.0,6.6,6.0,4.4,5.7,47.0,8.5,1.3,3.5
"2006","Piteå",10.5,7.1,4.0,5.1,3.8,56.7,8.5,0.8,3.6
"2006","Boden",18.0,5.5,4.2,4.7,2.9,48.9,8.8,1.8,5.1
"2006","Haparanda",17.2,12.3,2.3,3.7,2.1,51.4,6.3,1.4,3.5
"2006","Kiruna",9.5,3.3,3.1,3.9,3.7,51.8,15.0,2.4,7.2
"2010","Upplands Väsby",36.7,4.0,8.3,5.5,7.0,27.2,5.2,4.8,1.3
"2010","Vallentuna",44.5,7.3,8.7,6.5,7.7,16.9,3.0,4.0,1.4
"2010","Österåker",45.5,5.8,9.2,6.2,7.5,17.8,3.3,3.5,1.2
"2010","Värmdö",45.9,5.8,7.6,5.4,8.6,17.6,3.6,4.1,1.3
"2010","Järfälla",36.4,4.2,8.4,6.0,7.8,25.7,5.3,4.8,1.4
"2010","Ekerö",47.1,7.3,9.3,7.1,8.2,13.2,3.2,3.4,1.1
"2010","Huddinge",38.7,4.4,7.7,5.2,7.6,24.8,5.3,4.8,1.5
"2010","Botkyrka",30.0,2.8,6.2,5.1,6.9,35.7,7.1,4.9,1.4
"2010","Salem",38.6,5.7,9.2,5.4,7.8,22.6,4.0,5.2,1.4
"2010","Haninge",36.8,3.9,6.9,4.5,7.3,28.0,5.0,5.7,1.9
"2010","Tyresö",42.2,4.8,8.4,5.5,8.2,21.5,4.0,4.1,1.3
"2010","Upplands-Bro",35.1,4.2,8.2,7.0,6.8,27.7,4.5,5.2,1.4
"2010","Nykvarn",41.7,5.1,6.9,5.0,6.1,23.9,2.5,7.3,1.5
"2010","Täby",50.8,7.8,11.5,8.7,5.2,10.7,1.9,2.3,1.0
"2010","Danderyd",52.1,11.1,10.1,13.3,3.9,5.8,1.2,1.7,0.8
"2010","Sollentuna",42.2,7.0,9.8,7.7,7.3,17.8,3.8,3.2,1.3
"2010","Stockholm",34.3,6.3,8.6,5.3,12.2,20.9,7.4,3.2,1.8
"2010","Södertälje",29.5,3.9,6.2,5.4,8.3,34.0,5.2,5.6,2.0
"2010","Nacka",44.0,7.4,9.0,6.9,8.7,16.0,4.0,2.7,1.3
"2010","Sundbyberg",34.6,4.5,7.9,4.0,9.9,25.9,6.9,4.4,1.8
"2010","Solna",38.1,5.8,9.1,5.4,10.0,20.6,6.1,3.4,1.6
"2010","Lidingö",48.7,10.1,10.7,10.0,5.7,9.2,1.9,2.7,0.9
"2010","Vaxholm",48.5,8.5,9.3,6.9,7.6,12.4,3.0,2.7,1.2
"2010","Norrtälje",36.1,8.0,6.6,4.9,7.2,26.5,4.5,5.0,1.3
"2010","Sigtuna",38.2,4.5,7.1,5.9,6.3,27.9,3.8,5.0,1.2
"2010","Nynäshamn",35.0,4.5,6.3,4.8,7.2,29.3,5.4,6.1,1.4
"2010","Håbo",42.6,5.0,7.2,4.7,5.5,24.9,3.1,5.9,1.1
"2010","Älvkarleby",19.3,3.2,5.0,2.5,5.2,48.9,6.8,7.9,1.0
"2010","Knivsta",38.2,9.2,9.5,7.1,7.4,19.2,3.5,4.4,1.4
"2010","Heby",23.8,14.4,5.2,5.5,4.3,33.9,4.8,6.9,1.3
"2010","Tierp",20.6,10.4,4.6,3.6,4.7,42.9,5.3,6.3,1.6
"2010","Uppsala",29.5,7.6,9.1,6.4,11.2,24.0,6.4,3.8,2.0
"2010","Enköping",34.8,10.0,5.3,4.6,6.0,29.1,3.6,5.4,1.1
"2010","Östhammar",28.2,10.7,5.8,4.2,4.4,35.3,4.5,5.5,1.3
"2010","Vingåker",24.1,6.9,4.1,4.7,6.5,41.5,4.1,7.3,0.9
"2010","Gnesta",29.5,8.9,5.8,4.0,9.8,28.7,5.7,6.0,1.6
"2010","Nyköping",27.9,6.0,7.0,5.4,8.2,34.4,4.8,5.3,1.1
"2010","Oxelösund",23.1,2.8,5.3,3.3,7.2,44.2,7.8,4.8,1.4
"2010","Flen",24.2,8.2,4.8,4.9,5.9,38.7,5.5,6.9,0.9
"2010","Katrineholm",25.0,6.3,6.8,4.3,7.6,38.4,4.6,6.3,0.8
"2010","Eskilstuna",26.2,4.6,6.7,4.4,7.9,35.8,5.4,7.9,1.0
"2010","Strängnäs",35.2,6.7,7.7,5.4,6.7,26.8,4.2,6.3,1.0
"2010","Trosa",41.3,5.2,7.0,5.4,7.4,23.5,3.5,5.8,1.0
"2010","Ödeshög",26.5,9.6,3.8,12.4,5.9,31.2,3.8,5.9,0.9
"2010","Ydre",25.5,16.0,5.1,11.3,4.9,28.2,2.9,5.8,0.4
"2010","Kinda",25.0,13.2,5.0,6.7,6.3,32.1,4.7,6.3,0.7
"2010","Boxholm",20.2,9.1,3.7,5.1,4.9,45.4,5.7,5.4,0.5
"2010","Åtvidaberg",25.2,8.2,4.8,5.1,5.2,41.4,4.4,5.0,0.6
"2010","Finspång",22.2,5.6,4.6,5.8,5.8,43.9,6.1,5.3,0.7
"2010","Valdemarsvik",26.2,11.9,4.2,5.2,4.4,37.0,4.1,6.4,0.6
"2010","Linköping",30.6,6.3,8.8,6.4,9.4,27.6,4.7,4.5,1.7
"2010","Norrköping",30.2,4.7,6.0,5.2,7.9,32.5,5.7,6.1,1.8
"2010","Söderköping",33.7,10.0,5.9,6.6,7.1,26.2,4.2,5.0,1.3
"2010","Motala",24.0,4.6,6.2,4.6,5.2,42.9,5.5,5.7,1.3
"2010","Vadstena",31.1,6.2,6.8,6.7,6.6,32.9,3.9,5.0,0.9
"2010","Mjölby",26.0,6.8,6.4,5.7,5.8,37.8,5.1,4.8,1.6
"2010","Aneby",22.6,12.3,5.0,17.7,4.6,26.6,3.0,7.6,0.6
"2010","Gnosjö",25.3,7.9,4.8,19.1,2.9,29.6,2.7,7.0,0.8
"2010","Mullsjö",25.6,5.0,5.2,18.8,5.8,27.8,4.8,6.1,0.9
"2010","Habo",30.3,5.5,6.0,16.3,5.2,27.0,3.1,6.1,0.5
"2010","Gislaved",28.4,9.7,5.3,7.6,3.9,34.4,2.9,7.2,0.6
"2010","Vaggeryd",24.6,7.8,4.4,14.8,3.6,33.3,3.3,7.4,0.7
"2010","Jönköping",27.9,5.3,6.3,13.5,6.4,29.5,4.8,5.5,0.8
"2010","Nässjö",24.1,7.0,4.9,11.0,5.2,34.4,5.0,7.7,0.7
"2010","Värnamo",25.1,11.7,4.7,12.6,4.3,31.4,2.9,6.6,0.5
"2010","Sävsjö",25.0,12.3,4.4,17.7,2.8,25.3,3.0,9.2,0.3
"2010","Vetlanda",25.3,11.4,5.5,11.3,4.5,30.4,4.3,6.6,0.6
"2010","Eksjö",28.6,11.1,6.0,11.2,5.2,27.7,3.6,5.8,0.7
"2010","Tranås",26.8,6.4,5.4,9.6,6.3,34.8,3.9,6.4,0.5
"2010","Uppvidinge",25.6,14.3,4.0,5.3,3.7,32.6,5.0,9.1,0.4
"2010","Lessebo",24.1,7.5,4.4,3.0,5.7,41.6,5.7,7.6,0.4
"2010","Tingsryd",30.4,15.3,4.0,5.8,3.8,29.4,3.5,7.3,0.5
"2010","Alvesta",30.3,11.2,4.7,5.4,4.3,31.0,4.5,7.8,0.8
"2010","Älmhult",29.9,11.0,4.8,5.9,5.5,31.5,3.3,7.3,0.9
"2010","Markaryd",27.4,9.6,3.5,10.1,3.6,33.2,2.8,9.2,0.6
"2010","Växjö",31.6,7.5,7.1,5.9,7.7,28.8,5.2,5.1,1.0
"2010","Ljungby",27.9,12.8,5.1,7.1,5.1,30.7,4.3,6.1,0.9
"2010","Högsby",21.3,11.3,3.4,6.1,3.7,41.3,4.3,7.5,1.1
"2010","Torsås",25.3,14.5,3.6,6.0,4.6,34.0,3.8,7.2,0.8
"2010","Mörbylånga",31.2,11.0,5.8,6.5,6.3,28.1,4.3,5.9,0.9
"2010","Hultsfred",20.7,11.7,3.7,8.6,4.0,39.1,5.4,6.1,0.8
"2010","Mönsterås",23.1,10.4,4.3,5.6,4.4,39.4,5.4,6.6,0.9
"2010","Emmaboda",23.6,11.1,3.0,5.3,4.7,40.3,5.2,5.8,1.1
"2010","Kalmar",29.7,6.5,6.2,5.5,7.9,32.9,4.8,5.4,1.1
"2010","Nybro",24.5,9.9,3.6,6.1,4.0,38.6,6.1,5.8,1.4
"2010","Oskarshamn",27.7,4.9,5.7,7.3,4.2,37.2,5.7,6.2,1.0
"2010","Västervik",25.8,7.3,5.5,4.7,5.4,39.9,5.1,5.2,1.1
"2010","Vimmerby",25.6,12.4,3.9,6.3,4.6,35.6,4.2,6.3,1.0
"2010","Borgholm",31.7,16.8,5.0,7.3,6.2,23.3,3.6,5.2,1.0
"2010","Gotland",25.2,14.6,4.6,2.9,8.4,33.3,6.1,3.2,1.7
"2010","Olofström",18.9,6.1,3.7,4.5,3.6,47.0,5.6,9.8,0.8
"2010","Karlskrona",28.7,5.6,6.5,4.3,5.6,35.3,4.4,8.9,0.8
"2010","Ronneby",26.8,7.5,4.7,3.5,5.0,34.7,5.9,10.9,1.0
"2010","Karlshamn",26.3,5.0,5.3,3.5,6.3,37.3,6.1,9.4,0.9
"2010","Sölvesborg",31.5,4.8,4.1,4.0,4.1,34.4,4.0,12.2,0.9
"2010","Svalöv",27.4,11.7,5.7,3.4,4.8,28.9,3.5,13.1,1.5
"2010","Staffanstorp",42.5,5.1,8.1,3.8,5.1,22.4,2.1,8.7,2.3
"2010","Burlöv",30.9,2.7,6.9,2.5,5.3,33.6,3.8,12.5,1.9
"2010","Vellinge",59.1,4.3,8.7,6.2,3.2,9.4,0.9,7.0,1.4
"2010","Östra Göinge",24.8,6.2,6.0,4.2,4.3,36.4,3.5,13.7,1.0
"2010","Örkelljunga",29.4,6.6,5.9,11.5,4.1,25.7,3.0,12.4,1.5
"2010","Bjuv",25.9,3.7,4.9,2.7,3.5,40.6,3.2,14.9,0.7
"2010","Kävlinge",40.0,5.3,8.6,3.6,4.7,25.4,2.1,9.1,1.2
"2010","Lomma",49.8,5.5,10.7,5.6,4.9,14.2,1.4,5.9,2.1
"2010","Svedala",39.5,4.0,7.3,3.2,4.6,24.2,2.2,13.3,1.7
"2010","Skurup",35.2,7.3,6.3,2.8,4.2,26.3,2.7,13.5,1.6
"2010","Sjöbo",35.0,8.6,4.9,3.9,4.1,23.5,2.9,15.8,1.3
"2010","Hörby",33.2,9.8,6.0,4.2,4.5,22.6,2.6,14.0,3.0
"2010","Höör",34.6,6.2,7.2,4.6,7.4,22.8,3.7,11.5,1.8
"2010","Tomelilla",31.1,9.8,4.5,2.9,4.9,28.3,3.0,13.4,2.1
"2010","Bromölla",22.4,3.5,5.5,2.8,3.9,41.1,4.6,15.4,0.7
"2010","Osby",24.5,9.1,4.7,5.5,5.3,34.4,3.0,12.8,0.6
"2010","Perstorp",28.2,5.6,5.1,4.0,4.3,35.7,4.7,11.1,1.5
"2010","Klippan",30.9,5.7,5.1,5.2,3.7,31.9,4.0,12.3,1.2
"2010","Åstorp",29.0,4.4,4.7,3.8,3.9,38.5,2.7,11.9,1.1
"2010","Båstad",44.1,12.1,7.4,7.2,5.5,15.3,1.9,5.6,0.9
"2010","Malmö",32.6,2.8,7.0,3.1,8.8,28.7,6.0,7.8,3.2
"2010","Lund",32.1,6.6,11.1,5.0,12.8,19.5,5.8,5.0,2.2
"2010","Landskrona",28.2,2.5,11.7,2.5,4.3,35.8,4.1,9.9,1.0
"2010","Helsingborg",36.2,3.3,7.9,4.4,6.5,27.7,3.4,9.0,1.5
"2010","Höganäs",42.4,5.4,9.1,6.7,5.9,20.2,2.6,6.4,1.5
"2010","Eslöv",29.6,6.9,7.0,2.8,4.8,32.2,3.2,11.8,1.6
"2010","Ystad",37.9,5.7,6.5,3.5,5.5,28.4,2.6,8.4,1.5
"2010","Trelleborg",34.1,4.0,5.8,3.7,3.9,30.6,2.5,13.8,1.7
"2010","Kristianstad",31.6,5.4,9.0,3.8,5.5,28.6,3.3,11.8,1.0
"2010","Simrishamn",36.2,7.4,6.1,4.6,6.8,26.5,3.4,7.6,1.3
"2010","Ängelholm",40.7,6.5,6.5,5.8,6.0,22.6,2.7,7.6,1.5
"2010","Hässleholm",29.0,8.0,5.9,5.8,6.0,28.3,3.2,12.9,0.9
"2010","Hylte",25.5,12.7,6.6,5.1,3.8,34.5,3.2,6.9,1.6
"2010","Halmstad",31.6,6.1,7.6,5.1,6.4,32.4,4.0,5.3,1.7
"2010","Laholm",33.4,12.9,5.7,4.7,4.6,25.3,3.1,8.7,1.5
"2010","Falkenberg",28.9,12.6,6.8,4.8,6.0,30.0,3.7,5.8,1.4
"2010","Varberg",31.8,9.9,7.4,5.3,6.2,29.0,4.2,4.8,1.4
"2010","Kungsbacka",45.5,7.4,9.7,7.3,5.7,15.9,2.6,4.6,1.3
"2010","Härryda",36.3,6.0,10.5,6.4,7.6,21.9,4.6,5.6,1.2
"2010","Partille",33.9,4.0,10.0,7.1,7.6,24.8,5.1,5.8,1.7
"2010","Öckerö",36.2,2.8,8.2,19.3,5.9,18.9,3.1,4.5,1.1
"2010","Stenungsund",36.1,5.9,8.6,6.2,7.1,25.8,4.2,4.9,1.3
"2010","Tjörn",36.1,5.6,9.9,13.2,5.9,20.4,3.0,5.0,0.9
"2010","Orust",33.9,8.8,8.3,6.3,6.4,25.6,4.7,4.7,1.2
"2010","Sotenäs",39.1,4.6,8.2,8.0,4.3,27.2,3.7,4.2,0.7
"2010","Munkedal",26.0,11.8,5.3,7.0,3.9,32.8,5.1,7.2,0.9
"2010","Tanum",32.6,15.4,9.2,5.8,6.3,22.0,3.4,4.4,1.0
"2010","Dals-Ed",27.2,15.8,4.6,9.2,3.7,28.4,3.9,6.1,1.0
"2010","Färgelanda",24.5,14.9,4.9,5.2,3.0,34.1,4.1,8.6,0.8
"2010","Ale",28.2,5.0,6.5,5.8,6.0,33.0,6.1,8.1,1.4
"2010","Lerum",35.1,5.1,10.0,7.0,8.8,22.3,5.1,5.4,1.2
"2010","Vårgårda",23.2,11.9,8.2,13.2,6.2,26.6,4.1,5.9,0.8
"2010","Bollebygd",33.1,7.2,6.5,6.5,6.1,26.6,4.7,8.2,1.0
"2010","Grästorp",31.6,14.1,5.2,4.2,3.6,30.5,3.5,6.3,1.0
"2010","Essunga",31.4,12.6,5.0,6.4,4.2,29.3,3.9,6.2,1.0
"2010","Karlsborg",26.9,11.0,7.7,6.5,4.3,33.6,3.4,5.8,0.7
"2010","Gullspång",22.7,7.5,4.9,5.3,3.7,43.9,5.1,6.2,0.7
"2010","Tranemo",26.7,14.1,5.9,5.5,4.9,32.0,3.1,6.9,0.9
"2010","Bengtsfors",23.1,10.9,5.2,5.8,4.9,38.5,5.1,5.6,0.8
"2010","Mellerud",26.5,13.3,6.1,6.4,4.5,29.7,5.0,7.7,0.7
"2010","Lilla Edet",22.3,6.5,6.0,3.8,4.7,37.9,7.3,10.1,1.4
"2010","Mark",24.5,9.3,7.5,6.7,5.7,34.0,5.6,5.8,0.9
"2010","Svenljunga",29.0,14.1,6.5,5.2,3.8,29.3,3.1,7.9,1.0
"2010","Herrljunga",24.7,13.0,7.2,9.0,5.3,27.2,4.9,7.9,0.7
"2010","Vara",33.0,12.4,5.6,6.2,3.7,28.3,4.1,5.8,0.8
"2010","Götene",25.5,8.7,6.2,8.2,6.4,34.5,4.9,4.8,0.9
"2010","Tibro",23.4,7.3,7.2,10.0,4.4,36.4,4.3,6.4,0.6
"2010","Töreboda",24.8,11.6,3.9,5.3,4.3,37.6,5.1,6.5,0.9
"2010","Göteborg",30.4,3.8,8.4,6.1,10.7,25.2,8.5,4.9,1.9
"2010","Mölndal",32.9,4.8,10.3,6.5,8.5,24.8,5.3,5.6,1.4
"2010","Kungälv",33.2,6.6,9.1,7.1,6.3,26.0,4.4,6.2,1.0
"2010","Lysekil",25.6,4.2,10.0,4.7,6.5,36.7,5.6,5.8,0.9
"2010","Uddevalla",28.8,5.0,6.6,6.8,7.0,33.4,5.2,6.1,1.1
"2010","Strömstad",29.3,10.9,8.6,5.2,8.5,28.0,4.2,4.5,0.8
"2010","Vänersborg",26.0,5.7,7.5,5.4,7.1,34.0,6.7,6.3,1.2
"2010","Trollhättan",24.1,3.7,7.4,4.4,6.7,42.0,5.8,4.9,1.0
"2010","Alingsås",27.9,6.2,10.0,8.7,9.5,25.7,6.2,4.7,1.1
"2010","Borås",29.1,4.7,7.7,6.2,6.5,31.9,5.6,7.1,1.3
"2010","Ulricehamn",29.4,12.2,6.8,7.9,6.1,26.2,3.9,6.7,0.9
"2010","Åmål",24.8,6.6,6.0,5.2,6.1,39.7,5.3,5.5,0.8
"2010","Mariestad",28.1,5.3,5.6,5.7,6.1,37.1,5.9,5.2,1.0
"2010","Lidköping",26.3,7.1,6.7,6.5,6.4,35.3,5.7,5.1,0.8
"2010","Skara",29.4,7.3,5.8,5.5,6.3,34.4,4.6,5.6,1.1
"2010","Skövde",30.3,7.5,7.3,6.3,6.3,31.0,4.7,5.2,1.3
"2010","Hjo",28.8,7.3,7.5,8.4,6.6,30.8,4.6,5.2,0.8
"2010","Tidaholm",22.0,6.8,5.0,5.1,4.8,43.8,5.4,6.2,0.8
"2010","Falköping",27.8,9.3,5.2,7.8,5.3,31.2,4.7,7.8,0.9
"2010","Kil",26.0,9.1,5.6,5.1,5.3,38.0,5.2,4.7,1.0
"2010","Eda",22.7,12.3,3.7,4.0,2.8,43.0,4.6,5.7,1.1
"2010","Torsby",24.3,8.8,3.5,3.1,2.8,44.3,7.2,4.2,1.8
"2010","Storfors",18.0,6.4,3.3,3.9,3.5,50.8,7.3,5.7,1.1
"2010","Hammarö",31.5,4.5,7.5,5.6,5.8,35.1,5.0,3.9,1.2
"2010","Munkfors",11.8,7.3,5.9,2.9,2.6,56.1,6.6,4.9,1.9
"2010","Forshaga",21.1,6.0,5.1,4.3,4.9,47.2,5.4,5.2,0.9
"2010","Grums",20.9,7.3,3.8,3.4,3.7,48.8,5.3,5.4,1.3
"2010","Årjäng",24.4,14.3,7.4,8.4,3.0,31.7,3.3,6.6,1.0
"2010","Sunne",27.4,16.8,4.9,4.4,4.1,32.6,4.5,4.1,1.1
"2010","Karlstad",29.9,5.5,7.5,5.3,8.0,32.9,5.5,4.2,1.2
"2010","Kristinehamn",25.4,6.1,6.1,4.4,5.5,40.6,6.3,4.5,1.1
"2010","Filipstad",18.6,3.8,4.1,2.8,3.6,51.8,8.2,6.2,0.9
"2010","Hagfors",14.4,7.1,4.0,2.2,2.6,53.6,9.2,5.3,1.7
"2010","Arvika",23.6,8.4,5.5,4.3,6.3,39.0,6.5,5.4,1.0
"2010","Säffle",27.4,12.1,5.6,5.9,4.4,33.6,3.9,6.4,0.7
"2010","Lekeberg",24.8,12.9,4.4,8.9,5.3,30.7,4.5,7.5,1.1
"2010","Laxå",19.5,5.7,5.2,6.3,3.0,49.1,5.1,5.5,0.6
"2010","Hallsberg",20.7,6.2,4.8,5.3,4.9,44.8,5.9,6.7,0.8
"2010","Degerfors",13.8,4.1,3.1,4.5,4.9,52.7,10.8,5.4,0.6
"2010","Hällefors",17.8,4.7,3.6,2.5,4.5,51.2,7.2,7.2,1.2
"2010","Ljusnarsberg",19.4,5.5,3.2,3.6,4.5,44.4,7.9,9.6,1.9
"2010","Örebro",26.0,4.8,7.6,7.0,8.1,34.1,5.8,5.5,1.1
"2010","Kumla",23.4,5.2,6.3,6.9,4.7,41.1,4.2,7.2,1.0
"2010","Askersund",25.6,8.1,4.9,6.0,4.9,39.4,4.6,5.8,0.7
"2010","Karlskoga",23.2,3.1,5.3,4.8,5.4,46.3,5.3,4.7,1.9
"2010","Nora",24.2,6.2,6.4,5.5,6.1,40.4,4.5,5.8,1.0
"2010","Lindesberg",23.5,8.0,5.0,4.8,5.2,38.6,4.6,9.2,1.0
"2010","Skinnskatteberg",17.4,6.4,7.8,2.9,5.3,45.3,7.4,6.7,0.9
"2010","Surahammar",19.4,2.8,5.7,2.9,4.1,49.1,7.9,7.0,1.1
"2010","Kungsör",27.3,6.9,7.0,4.8,5.0,35.3,5.6,7.1,1.0
"2010","Hallstahammar",20.4,3.5,6.1,4.3,4.7,47.0,7.3,5.7,1.1
"2010","Norberg",20.0,4.6,4.7,2.9,5.8,42.4,11.0,7.3,1.1
"2010","Västerås",30.4,4.3,8.9,5.1,6.4,32.6,4.8,5.9,1.6
"2010","Sala",26.3,11.3,6.0,4.9,5.9,33.5,4.8,6.4,1.0
"2010","Fagersta",21.2,3.4,4.9,3.7,5.0,44.4,8.8,7.7,0.9
"2010","Köping",23.5,6.4,5.3,3.9,5.1,41.0,6.8,7.0,1.0
"2010","Arboga",26.4,5.8,6.8,4.5,6.2,37.6,5.7,6.0,1.0
"2010","Vansbro",19.7,13.9,3.5,6.8,2.6,40.4,5.8,6.0,1.2
"2010","Malung-Sälen",30.0,8.2,5.8,2.6,3.0,36.5,6.7,5.7,1.5
"2010","Gagnef",23.7,12.3,4.1,5.7,6.1,34.9,5.0,7.3,1.1
"2010","Leksand",31.4,9.4,5.3,8.8,6.5,28.9,4.1,4.0,1.5
"2010","Rättvik",26.5,11.2,5.1,4.9,6.2,34.1,3.7,6.1,2.2
"2010","Orsa",21.2,10.2,4.6,4.7,6.6,36.1,6.2,9.0,1.3
"2010","Älvdalen",22.8,10.6,3.1,3.7,3.7,41.7,5.3,7.9,1.2
"2010","Smedjebacken",19.7,5.1,3.4,2.7,4.1,50.9,6.7,6.4,1.1
"2010","Mora",26.8,9.0,4.9,4.5,6.0,36.1,4.6,6.1,2.0
"2010","Falun",28.9,8.0,5.7,5.0,8.1,31.5,5.5,5.5,1.8
"2010","Borlänge",23.2,5.4,5.0,3.5,6.0,39.6,6.6,9.2,1.5
"2010","Säter",26.2,11.7,4.6,4.2,4.9,33.8,5.6,7.8,1.2
"2010","Hedemora",23.9,9.6,3.5,4.6,6.1,36.4,6.4,8.3,1.3
"2010","Avesta",22.9,6.3,4.8,3.5,4.9,44.1,5.4,7.2,1.0
"2010","Ludvika",20.7,3.9,5.0,3.3,5.1,45.1,8.2,7.6,1.1
"2010","Ockelbo",19.8,12.5,3.4,2.9,5.4,41.0,6.1,7.8,1.0
"2010","Hofors",15.5,4.0,5.0,2.0,4.2,49.7,11.0,7.4,1.3
"2010","Ovanåker",18.9,15.7,3.6,10.0,4.2,37.8,3.6,5.2,0.9
"2010","Nordanstig",18.8,11.4,5.6,4.9,4.6,37.7,7.0,8.5,1.5
"2010","Ljusdal",24.1,9.5,4.4,3.6,5.2,37.0,7.4,6.9,1.9
"2010","Gävle",27.2,4.6,6.8,3.8,7.5,34.6,6.8,7.4,1.2
"2010","Sandviken",21.1,5.6,5.0,3.8,5.1,44.1,8.1,6.0,1.1
"2010","Söderhamn",20.2,6.9,3.9,3.3,5.2,43.4,7.0,8.4,1.7
"2010","Bollnäs",22.3,9.6,5.4,4.3,5.3,36.8,6.8,8.4,1.1
"2010","Hudiksvall",21.8,10.1,4.1,4.4,7.2,37.0,8.1,5.7,1.6
"2010","Ånge",18.9,7.7,3.2,2.9,3.1,49.8,6.9,5.9,1.6
"2010","Timrå",18.5,5.5,4.9,2.9,3.8,49.8,7.3,6.0,1.3
"2010","Härnösand",22.4,7.4,5.5,4.1,8.1,40.2,6.4,4.0,1.9
"2010","Sundsvall",26.3,5.1,6.7,3.9,6.3,38.4,6.0,5.5,1.8
"2010","Kramfors",15.7,9.9,3.1,3.4,4.6,50.5,8.4,3.1,1.3
"2010","Sollefteå",15.5,6.4,3.5,2.7,4.5,52.3,7.0,4.5,3.5
"2010","Örnsköldsvik",19.0,9.5,4.2,6.9,4.5,46.9,4.1,3.0,1.8
"2010","Ragunda",14.7,13.8,1.8,1.5,3.5,50.6,8.0,3.8,2.2
"2010","Bräcke",17.6,12.1,3.4,1.4,3.8,49.9,6.8,3.9,1.1
"2010","Krokom",21.3,18.1,3.2,3.2,6.2,37.0,6.4,3.5,1.0
"2010","Strömsund",17.6,10.7,2.3,2.1,2.9,50.6,8.2,4.8,0.8
"2010","Åre",26.7,14.6,5.2,4.0,8.7,31.6,4.9,3.1,1.2
"2010","Berg",21.4,17.5,2.7,2.6,5.3,39.4,5.3,4.6,1.2
"2010","Härjedalen",22.2,9.4,3.8,2.3,3.8,44.6,6.0,7.0,0.8
"2010","Östersund",23.9,11.7,4.5,3.1,8.1,37.8,6.6,3.1,1.2
"2010","Nordmaling",17.3,10.6,6.7,5.4,3.3,45.5,7.2,3.3,0.7
"2010","Bjurholm",26.6,14.1,8.1,6.5,1.9,36.1,3.6,2.4,0.6
"2010","Vindeln",20.3,13.0,5.8,6.7,3.1,41.1,5.8,3.2,1.0
"2010","Robertsfors",13.5,20.7,3.8,5.9,4.3,40.8,7.4,2.4,1.1
"2010","Norsjö",11.3,9.9,5.5,5.9,2.7,48.4,12.5,2.3,1.4
"2010","Malå",14.5,3.5,6.7,4.2,2.6,52.5,12.7,2.7,0.7
"2010","Storuman",18.2,9.7,5.5,7.6,3.5,42.2,8.9,3.3,1.2
"2010","Sorsele",15.3,11.4,3.5,7.5,3.3,42.4,11.9,4.0,0.8
"2010","Dorotea",11.4,9.3,7.5,2.6,0.8,54.6,9.5,2.9,1.4
"2010","Vännäs",18.3,11.3,5.3,5.4,5.0,40.8,10.4,2.6,0.9
"2010","Vilhelmina",11.6,6.7,4.7,6.1,2.8,51.8,8.4,4.3,3.6
"2010","Åsele",13.6,9.6,5.8,5.4,1.8,51.2,7.4,3.9,1.1
"2010","Umeå",20.9,6.8,6.6,4.8,10.5,35.3,11.1,2.3,1.8
"2010","Lycksele",16.8,4.4,5.1,8.1,3.3,49.3,8.6,3.6,0.6
"2010","Skellefteå",14.3,6.0,5.7,5.3,5.8,49.6,9.5,2.9,0.9
"2010","Arvidsjaur",13.4,7.2,4.1,2.0,2.6,54.0,11.1,4.5,1.1
"2010","Arjeplog",14.5,5.8,5.9,4.9,4.6,46.7,11.7,4.9,1.1
"2010","Jokkmokk",13.6,3.8,5.0,1.9,7.7,52.6,10.4,3.7,1.2
"2010","Överkalix",8.1,9.1,3.0,1.4,2.4,61.0,10.8,3.7,0.6
"2010","Kalix",14.1,4.9,3.7,2.2,5.3,59.3,6.4,3.5,0.5
"2010","Övertorneå",13.5,11.4,2.8,3.4,2.6,52.2,10.5,3.4,0.4
"2010","Pajala",12.6,3.2,2.1,5.5,2.1,51.3,18.8,3.9,0.4
"2010","Gällivare",14.2,1.7,2.3,2.4,3.8,55.9,13.6,5.0,1.2
"2010","Älvsbyn",10.8,6.2,4.0,3.5,2.7,54.7,11.7,5.2,1.3
"2010","Luleå",20.1,5.0,5.7,3.5,7.2,45.9,7.7,3.5,1.5
"2010","Piteå",13.9,4.9,4.2,4.0,5.3,56.4,8.0,2.4,0.9
"2010","Boden",20.9,3.6,4.7,3.2,4.2,49.8,7.9,4.6,1.0
"2010","Haparanda",17.2,7.3,1.5,2.6,2.3,60.4,4.3,3.8,0.5
"2010","Kiruna",13.2,2.6,3.2,3.2,5.2,51.7,14.0,5.7,1.1
